Name,SEQUENCE,Mean Intensity,Probe,Log Intensity,12mer,10mer,8mer,6mer
Unbound_Myc2_090,GTACACAATTTTTTACAAAATTTAAATTAAAACAAA,932,Unbound,6.837332814685591,TTACAAAATTTA,TACAAAATTT,ACAAAATT,CAAAAT
Unbound_Myc1_033,GCAGCCGAGGCGGAGAGAGAGAGAGGACAGCTTACG,1093,Unbound,6.996681488176539,GAGAGAGAGAGA,AGAGAGAGAG,GAGAGAGA,AGAGAG
Unbound_Myc2_021,AGCTTTCTCCACAAATTGATTTGGAACATTGACTCT,1113,Unbound,7.014814351275545,AAATTGATTTGG,AATTGATTTG,ATTGATTT,TTGATT
Unbound_Myc1_067,CCTTCCCCAGAGCCGGCTGCCCTCTCCTGCTGCCTG,1289,Unbound,7.161622002939187,CCGGCTGCCCTC,CGGCTGCCCT,GGCTGCCC,GCTGCC
Bound_021484_001_000,CGGGCCCTGACCCCTCGCGTGCCCCGCCCCCGCAGG,1447,Bound,7.277247726631484,CCTCGCGTGCCC,CTCGCGTGCC,TCGCGTGC,CGCGTG
Bound_012260_010_000,CTTCCGTAGGGCCGGCACGCTGGCCCTGACACACTT,1545,Bound,7.3427791893318455,CGGCACGCTGGC,GGCACGCTGG,GCACGCTG,CACGCT
Bound_013011_111_101,TGTGCGAGTTCTGCGCACGCGCAGCCAGCTGCCCGC,1786,Bound,7.487733761436444,GCGCACGCGCAG,CGCACGCGCA,GCACGCGC,CACGCG
Bound_012090_010_000,TCCACCCTTCTCCCCAGCGTGCTGTACTGCTGGGGA,1881,Bound,7.53955882930103,CCCAGCGTGCTG,CCAGCGTGCT,CAGCGTGC,AGCGTG
Bound_019771_001_001,GACGGCCGGCGGTCACACATGCCACACCCCCAAGCC,2197,Bound,7.69484807238461,TCACACATGCCA,CACACATGCC,ACACATGC,CACATG
Bound_023217_001_001,TCTTGGCCCCGCCCCCTCGTGGGAGCAGGTCCTGGC,2327,Bound,7.752335163302292,CCCCTCGTGGGA,CCCTCGTGGG,CCTCGTGG,CTCGTG
Bound_027820_001_000,GCCGCACTCTTCACCCGCATGTCCAGAGGGCGGCCG,2506,Bound,7.826443135456014,ACCCGCATGTCC,CCCGCATGTC,CCGCATGT,CGCATG
Bound_020202_100_100,GCTACAGGGCCCGGTCACGAGGCCAACGTAGCTCCA,2773,Bound,7.927685045615778,GGTCACGAGGCC,GTCACGAGGC,TCACGAGG,CACGAG
Unbound_Myc1_054,CCTAGGATTCCCAGGCAGTTTTACAGCTACCCTGGA,952,Unbound,6.858565034791365,AGGCAGTTTTAC,GGCAGTTTTA,GCAGTTTT,CAGTTT
Unbound_Myc1_132,TAAGGGGTGACCCAGCCGCTGCAGAGCCAGGGAAGG,1085,Unbound,6.98933526597456,CAGCCGCTGCAG,AGCCGCTGCA,GCCGCTGC,CCGCTG
Unbound_Myc1_027,TCTCTGGCCTCGGGTAACTTTTCCCTCCAGTTTGGT,1185,Unbound,7.077498053569231,GGTAACTTTTCC,GTAACTTTTC,TAACTTTT,AACTTT
Unbound_Myc2_061,GAGGCATCCGTGAAGACAAAGATATCTGAGAGTGGA,1232,Unbound,7.116394144093465,AAGACAAAGATA,AGACAAAGAT,GACAAAGA,ACAAAG
Unbound_Myc2_054,AACCCTAACCCCTACCCCTAACCCCTAACCCTTACC,1397,Unbound,7.242082359256962,TACCCCTAACCC,ACCCCTAACC,CCCCTAAC,CCCTAA
Unbound_Myc1_144,AGAGGGGCCGGATGAGCCACTGGAGATCGAGTGCAG,1573,Unbound,7.360739903058278,TGAGCCACTGGA,GAGCCACTGG,AGCCACTG,GCCACT
Unbound_Myc2_053,AAAAAGTTCTGTGGTTTGCCCTTAAAATGCCTCAAG,1706,Unbound,7.441906728051625,GGTTTGCCCTTA,GTTTGCCCTT,TTTGCCCT,TTGCCC
Bound_022056_010_000,AATACTGTAGATCGCAGCATGTAAGGACTAACCCAG,1941,Bound,7.57095858316901,CGCAGCATGTAA,GCAGCATGTA,CAGCATGT,AGCATG
Bound_007030_000_001,CTGAGACTGCGGCTGCATGTGGGAAAGGTCTTGTGG,2043,Bound,7.622174594817622,CTGCATGTGGGA,TGCATGTGGG,GCATGTGG,CATGTG
Bound_017780_000_001,AAGCGGGCCGCAGCCAACGTGCGGCGCCCGCACCGC,2346,Bound,7.76046702921342,GCCAACGTGCGG,CCAACGTGCG,CAACGTGC,AACGTG
Bound_021969_010_000,AGCAGGCCTATCAGCCACGTTGACAACCCTGGATGA,2599,Bound,7.8628820346414905,AGCCACGTTGAC,GCCACGTTGA,CCACGTTG,CACGTT
Bound_013132_010_000,CTCTTAAACACTCACCATGCTGCTCTTACTCCGGAG,2733,Bound,7.913155185928068,CACCATGCTGCT,ACCATGCTGC,CCATGCTG,CATGCT
Unbound_Myc1_150,CCAGCCTGGACCGCCCCTGTGGGCTCCACTCCCCTC,956,Unbound,6.862757913051401,GCCCCTGTGGGC,CCCCTGTGGG,CCCTGTGG,CCTGTG
Unbound_Myc2_046,CACTCCACTCCAGTTCACTCTATTCAGTTCCACTCC,1063,Unbound,6.968850378341948,GTTCACTCTATT,TTCACTCTAT,TCACTCTA,CACTCT
Unbound_Myc1_068,CTCAGGCCCCAGGTCTCAGAGCCTGGTCTCAGGCCT,1135,Unbound,7.034387929915503,GTCTCAGAGCCT,TCTCAGAGCC,CTCAGAGC,TCAGAG
Unbound_Myc1_102,CACAGAAATACAGGAAGCAATAATGAGTTTCATAAG,1268,Unbound,7.145196134997171,GGAAGCAATAAT,GAAGCAATAA,AAGCAATA,AGCAAT
Unbound_Myc1_086,GGTCCTCCCCTAGCGGAGGCGGCCTCCGCTTGATGG,1472,Unbound,7.294377299288821,GCGGAGGCGGCC,CGGAGGCGGC,GGAGGCGG,GAGGCG
Unbound_Myc2_142,AACAAAACAAAACAAAACAAAACAAAACAAAACAAA,1549,Unbound,7.3453648404168685,CAAAACAAAACA,AAAACAAAAC,AAACAAAA,AACAAA
Unbound_Myc1_077,ACTTGCTGGGAAGGGCGGGACTGGCTCTGCTCGCCC,1767,Unbound,7.4770384723196965,GGGCGGGACTGG,GGCGGGACTG,GCGGGACT,CGGGAC
Unbound_Myc1_090,TGAGGTTTCTGGGATTCTTGCTTTTCCTGCCTCAGT,1809,Unbound,7.500529485395295,GATTCTTGCTTT,ATTCTTGCTT,TTCTTGCT,TCTTGC
Unbound_Myc1_113,CAGCGCAGGGTCCGGGTTCGCTGGGAGGCCGGCGGC,2017,Unbound,7.6093665379542115,CGGGTTCGCTGG,GGGTTCGCTG,GGTTCGCT,GTTCGC
Bound_010216_010_000,TGTGAAGGGACTTTCCACATGGGACTTCAGTCACAG,3007,Bound,8.008698182988528,TTCCACATGGGA,TCCACATGGG,CCACATGG,CACATG
Bound_011682_001_000,GCCAAGCAGTGCTTCCACGAGGAGGTGGAGCAGGGC,3475,Bound,8.153349757998892,TTCCACGAGGAG,TCCACGAGGA,CCACGAGG,CACGAG
Bound_024490_010_000,GATGATAATATATGACATGTGCCCCAGAAAGCAGGA,3978,Bound,8.288534459413917,TGACATGTGCCC,GACATGTGCC,ACATGTGC,CATGTG
Bound_023692_001_001,AGAGCCGGATTCTCCCTCGTGGGTGGCTACAGGATA,4267,Bound,8.358666283188,TCCCTCGTGGGT,CCCTCGTGGG,CCTCGTGG,CTCGTG
Bound_006050_001_000,GCCCGGCCCCCACCCCACGCGGCGCTGGAGGCCGCG,4574,Bound,8.428143374582726,CCCCACGCGGCG,CCCACGCGGC,CCACGCGG,CACGCG
Bound_008016_100_000,GCCATCTATTGCCACCATGCGGCTTCCCAGTGAAAC,5413,Bound,8.596558746796978,CACCATGCGGCT,ACCATGCGGC,CCATGCGG,CATGCG
Bound_014627_001_000,CCGGCGCGCGGCTTCCGCGTGGCAGGCCGCCCCGCT,5787,Bound,8.663369301573839,TTCCGCGTGGCA,TCCGCGTGGC,CCGCGTGG,CGCGTG
Bound_012264_001_000,GGGGCTCTGCCGTGGCACGTGCAGCGTCTGTCCCCC,6408,Bound,8.765302488748196,TGGCACGTGCAG,GGCACGTGCA,GCACGTGC,CACGTG
Bound_025290_001_001,GCAATCGGGGCGGGCCGCATGGAGGCGGGGCGGGAG,6978,Bound,8.85051762174672,GGCCGCATGGAG,GCCGCATGGA,CCGCATGG,CGCATG
Bound_019485_100_000,AATAACAGTGCCTACCTCATGGGCAAGTGAGGATTA,3164,Bound,8.059592328887545,TACCTCATGGGC,ACCTCATGGG,CCTCATGG,CTCATG
Bound_019280_011_000,TCCCTCATTATTCTCCACGTTGGTATCTTGAGAGGG,3524,Bound,8.16735198705607,CTCCACGTTGGT,TCCACGTTGG,CCACGTTG,CACGTT
Bound_006070_010_000,TTCATCTCCACAAACAACGTGGGTAGGATAGGCGCT,3953,Bound,8.282230063296685,AACAACGTGGGT,ACAACGTGGG,CAACGTGG,AACGTG
Bound_024206_100_000,CCACCATCTTGACACCATGAGGTAACAATAAAAGAA,4065,Bound,8.310169021981912,CACCATGAGGTA,ACCATGAGGT,CCATGAGG,CATGAG
Bound_023958_000_010,ACACCCTCCCCGCCCCATGCTGCCCACCCGCTGAGG,5411,Bound,8.596189197642735,CCCCATGCTGCC,CCCATGCTGC,CCATGCTG,CATGCT
Bound_015462_001_001,CGGGGCGGGGCGGGCAGCGTGGTCGCGGCCCGGGCC,5817,Bound,8.668539943910762,GGCAGCGTGGTC,GCAGCGTGGT,CAGCGTGG,AGCGTG
Bound_002510_001_001,AGTGGCTGGTTCCGCCACGCTGCCGGAAAGCGCCCC,3034,Bound,8.017637159908478,CGCCACGCTGCC,GCCACGCTGC,CCACGCTG,CACGCT
Bound_008554_010_000,GATGGGCAGTCTGGCAGCATGGTGCCACAAGATAGG,3590,Bound,8.185907481482324,GGCAGCATGGTG,GCAGCATGGT,CAGCATGG,AGCATG
Unbound_Myc2_147,TTAGAAAAATAGTTTAAAATCTAGAGTTAATTAACC,2989,Unbound,8.002694162283937,TTTAAAATCTAG,TTAAAATCTA,TAAAATCT,AAAATC
Bound_006123_000_100,GCAAGGTGGTCCGGACATGTGAGCAACACAAATGAT,3026,Bound,8.014996894348302,GGACATGTGAGC,GACATGTGAG,ACATGTGA,CATGTG
Bound_020267_111_101,TACGGCAATGCAGGCCACGCGTCTGATCCCAAACGA,3319,Bound,8.107418811719974,GGCCACGCGTCT,GCCACGCGTC,CCACGCGT,CACGCG
Bound_022219_101_101,GGCGGGGTGACGGGGCACGAGGCCGGGATTCCACCG,3872,Bound,8.261526448396468,GGGCACGAGGCC,GGCACGAGGC,GCACGAGG,CACGAG
Bound_008275_110_000,ATCAACTCTGGGTCCCATGTGCACAGACTGCATACC,4191,Bound,8.340694647925071,TCCCATGTGCAC,CCCATGTGCA,CCATGTGC,CATGTG
Bound_002244_010_000,TCCAAGTCTCCTTAGCACATGTTTATAACAAGTACC,4769,Bound,8.469891918298224,TAGCACATGTTT,AGCACATGTT,GCACATGT,CACATG
Bound_021877_110_000,CTGCAGGATGACTCACACGTGCCGTGCCTGCCTCGC,5055,Bound,8.528133131454572,TCACACGTGCCG,CACACGTGCC,ACACGTGC,CACGTG
Bound_012941_010_000,GATGAAGCAAGCCACCATGTGGTGAGCTGCCCTACT,5645,Bound,8.638525476583762,CACCATGTGGTG,ACCATGTGGT,CCATGTGG,CATGTG
Bound_006742_111_000,CTGGTGGCAGCCTAGCACATGGGACCCACCCACCAC,6281,Bound,8.74528448245438,TAGCACATGGGA,AGCACATGGG,GCACATGG,CACATG
Bound_019232_110_110,CTCAGGGCAGTTGGGCACGTGGGGTCCGGCTGGTTG,7097,Bound,8.867427438524983,GGGCACGTGGGG,GGCACGTGGG,GCACGTGG,CACGTG
Bound_013106_001_001,GGCCGCGCGCGCGCGCGCGTGGCCGCCGGTCCCTCC,7980,Bound,8.984693690443855,GCGCGCGTGGCC,CGCGCGTGGC,GCGCGTGG,CGCGTG
Bound_007224_111_101,AGGATGAAGGGAGGACACGAGGGTCGGTGTAGTTCT,3019,Bound,8.012680929706839,GGACACGAGGGT,GACACGAGGG,ACACGAGG,CACGAG
Bound_012467_001_000,GGGCCGAGCCGGCGCCTCGTGCGCTTGCGGGGTGCA,3479,Bound,8.154500175151941,CGCCTCGTGCGC,GCCTCGTGCG,CCTCGTGC,CTCGTG
Bound_016617_111_001,TGCCCTGAGCGGCGCCACGCGCTCTCAGCGGGAGGG,3667,Bound,8.207129168071326,CGCCACGCGCTC,GCCACGCGCT,CCACGCGC,CACGCG
Bound_008286_100_100,TCCGCTTGTACGGAACGCGTGTCCAAGAGGGAAGGC,4347,Bound,8.377241230988792,GAACGCGTGTCC,AACGCGTGTC,ACGCGTGT,CGCGTG
Bound_001204_110_000,TTAAGACAGTCATGCCACATGTATAAACCAAATGCT,4755,Bound,8.46695197497949,TGCCACATGTAT,GCCACATGTA,CCACATGT,CACATG
Bound_001671_000_001,ACCAGGACCGACCCCCGCGTGGGATACGGGGCCTGC,8558,Bound,9.054621796976763,CCCCGCGTGGGA,CCCGCGTGGG,CCGCGTGG,CGCGTG
Bound_011192_110_000,TCCCACTCCAGCTGACACGTGCCAGCCTCCCAACCA,9362,Bound,9.144414221860016,TGACACGTGCCA,GACACGTGCC,ACACGTGC,CACGTG
Bound_020717_010_000,GATGAAGGGGTGGGCCACATGGTCATTAGTCTTTTT,10112,Bound,9.221478116386638,GGCCACATGGTC,GCCACATGGT,CCACATGG,CACATG
Bound_013527_001_000,ATCGCTAACATCTGCCATGTGGTCCTTACTGCAAAT,10960,Bound,9.302007560502007,TGCCATGTGGTC,GCCATGTGGT,CCATGTGG,CATGTG
Bound_015379_101_000,CTGATTCCCTCCCACCACGCGGTTCCCAGGCTCGCG,12373,Bound,9.423271958213975,CACCACGCGGTT,ACCACGCGGT,CCACGCGG,CACGCG
Bound_027694_001_100,GGCTCCGCCCCCGCCCATGCGGTCCCTCCAGGCGGG,8275,Bound,9.020994200245264,GCCCATGCGGTC,CCCATGCGGT,CCATGCGG,CATGCG
Bound_023418_001_000,AACCACTCGACTGACCTCGTGGTCAAATTCCTTACT,9625,Bound,9.172119159155985,GACCTCGTGGTC,ACCTCGTGGT,CCTCGTGG,CTCGTG
Bound_027691_110_000,CCACCACAAAGCAGCCACGTTGTGTGTGTGTGTGTG,10328,Bound,9.242613932526478,AGCCACGTTGTG,GCCACGTTGT,CCACGTTG,CACGTT
Bound_003754_001_001,CCCCCACTTCAACACCACGAGGCCCCGCCCCCACTT,8244,Bound,9.01724094201035,CACCACGAGGCC,ACCACGAGGC,CCACGAGG,CACGAG
Bound_023710_110_000,GAAATGTTTTATGACCGCATGGCAGTATGTTCGGGT,8972,Bound,9.101863895640099,GACCGCATGGCA,ACCGCATGGC,CCGCATGG,CGCATG
Bound_010508_011_000,CGCCCTCAGGGACCACACGTGTCAGATCTCCACCTC,8707,Bound,9.071882578828616,CCACACGTGTCA,CACACGTGTC,ACACGTGT,CACGTG
Bound_010485_111_000,ATGAGTGAGGCTCGGCACGTGGGCTGGCACAGCTGC,9631,Bound,9.172742341560864,CGGCACGTGGGC,GGCACGTGGG,GCACGTGG,CACGTG
Bound_008150_000_010,ATGATCTCGGGTGGGCACGTGTGTATATGGCATATA,10689,Bound,9.276970454273945,GGGCACGTGTGT,GGCACGTGTG,GCACGTGT,CACGTG
Bound_017512_111_101,AAGGTGACTGCTACACACGTGGGGTCGCAGAATCCC,11398,Bound,9.341193180394946,ACACACGTGGGG,CACACGTGGG,ACACGTGG,CACGTG
Bound_008676_101_100,GAGACACTGGCCTCCCACGTGTCTTTCAGGAAACAT,13139,Bound,9.483340185641822,TCCCACGTGTCT,CCCACGTGTC,CCACGTGT,CACGTG
Bound_004547_101_101,CTTCCGCAGCTCCCCCACGTGCTAGCCCAGGCGGGT,14632,Bound,9.590966190070702,CCCCACGTGCTA,CCCACGTGCT,CCACGTGC,CACGTG
Bound_011860_001_000,GAACTTTTTAGTTTGCACGTGCAGGTTTTGTTTCGT,14936,Bound,9.611529685221559,TTGCACGTGCAG,TGCACGTGCA,GCACGTGC,CACGTG
Bound_019039_000_001,CACAGCCTCCAGCCCCACGTGGCAGGTTGCCTGGCA,17977,Bound,9.796848442046416,CCCCACGTGGCA,CCCACGTGGC,CCACGTGG,CACGTG
Bound_021603_111_000,TCCTCTGTGTGTGAACATGTGCGTGTGTGTGTGAGT,8380,Bound,9.033603193476129,GAACATGTGCGT,AACATGTGCG,ACATGTGC,CATGTG
Bound_007050_001_001,ACATAGGGACGGGGCCATGCGGTGGGCGGGTGGAAC,8734,Bound,9.074978734045507,GGCCATGCGGTG,GCCATGCGGT,CCATGCGG,CATGCG
Bound_010731_111_001,ATGATGTCACTAGTGCACGTGCCCCGGGATGGTTGC,9073,Bound,9.11305824916963,GTGCACGTGCCC,TGCACGTGCC,GCACGTGC,CACGTG
Bound_019471_111_101,GGGACACCAGGATACCACGCGGCCAGCACCGAAACG,10902,Bound,9.296701537624227,TACCACGCGGCC,ACCACGCGGC,CCACGCGG,CACGCG
Bound_023455_000_100,TCCTCTGTCCTTCTGCACGTGGGCACCTACTAAGCT,11760,Bound,9.372459221452617,CTGCACGTGGGC,TGCACGTGGG,GCACGTGG,CACGTG
Bound_004929_011_011,AGGGCGTACGCGACCCACGTGCGTAAACGGCCTCGC,13350,Bound,9.499271663828395,ACCCACGTGCGT,CCCACGTGCG,CCACGTGC,CACGTG
Bound_001472_111_000,ACTGCCTGACCTGCGCACGTGTCCGGGAGAGCGCTG,14600,Bound,9.588776807696428,GCGCACGTGTCC,CGCACGTGTC,GCACGTGT,CACGTG
Bound_017371_000_001,CCCCTGCTCTGTCTCCGCGTGGCACTTCCGATCCCC,16264,Bound,9.696709355308183,CTCCGCGTGGCA,TCCGCGTGGC,CCGCGTGG,CGCGTG
Bound_015748_000_100,CCTGCCAAGGGTAACCACGTGCTGGGAGATTTGCAG,16431,Bound,9.706925073451831,AACCACGTGCTG,ACCACGTGCT,CCACGTGC,CACGTG
Bound_017889_001_000,GGAATACAATAACCACACGTGTTATCTATTTTACAA,19829,Bound,9.894900791598806,CCACACGTGTTA,CACACGTGTT,ACACGTGT,CACGTG
Bound_026098_000_001,AAGGCTCACAGTCTACACGTGTTCATATTTACATGC,20395,Bound,9.923045051751659,CTACACGTGTTC,TACACGTGTT,ACACGTGT,CACGTG
Bound_012873_111_101,TCAGGCTCCCGGCTCCACGTGGACCGACCTCGCCCG,23711,Bound,10.073694354466978,CTCCACGTGGAC,TCCACGTGGA,CCACGTGG,CACGTG
Bound_019297_000_100,GTCCTGTGAGCCAGCCACGTGGGTGCTGGTGATAAA,24658,Bound,10.112856670428497,AGCCACGTGGGT,GCCACGTGGG,CCACGTGG,CACGTG
Bound_003657_110_000,ACACCTTCTAGTGTCCACGTGGGCTTCTTGGTATTT,28323,Bound,10.251429474400627,GTCCACGTGGGC,TCCACGTGGG,CCACGTGG,CACGTG
Bound_016904_111_000,CCAGGGAGGGCTGGCCACGTGGCTGCAGCATCTCCT,30879,Bound,10.337831620194669,GGCCACGTGGCT,GCCACGTGGC,CCACGTGG,CACGTG
